{"cameraMode":{"drawMode":0,"name":"Shaded","section":"Shading Mode"},"sceneLighting":true,"audioPlay":false,"sceneViewState":{"showFog":true,"showMaterialUpdate":false,"showSkybox":true,"showFlares":true,"showImageEffects":true,"showParticleSystems":true},"in2DMode":false,"pivot":{"x":-12.159039497375489,"y":6.758414268493652,"z":-20.970813751220704},"rotation":{"x":-0.005917435046285391,"y":-0.9307201504707336,"z":-0.015069863758981228,"w":0.3653954565525055},"size":10.0,"orthographic":false}